{
    "train_std": {
        "population_size_0": 1.7348023818794518,
        "population_size_1": 1.5408242048204335,
        "population_size_2": 1.426581263005113,
        "population_size_3": 1.3340615982708335,
        "population_size_4": 1.2855918661329269,
        "population_size_5": 1.2227071792008637,
        "population_size_6": 1.177651947874843,
        "population_size_7": 1.1517888987241829,
        "population_size_8": 1.187738783815664,
        "population_size_9": 1.308319065376579,
        "population_size_10": 1.4759862089037963,
        "population_size_11": 1.651316715012219,
        "population_size_12": 1.8070402272466775,
        "population_size_13": 1.9527403046740726,
        "population_size_14": 2.0582095714782676,
        "population_size_15": 2.15549523185986,
        "population_size_16": 2.2172932577474684,
        "population_size_17": 2.2712484438330294,
        "population_size_18": 2.3105738455942326,
        "population_size_19": 2.3325312699521126,
        "population_size_20": 2.3374544191514324
    },
    "train_mean": {
        "population_size_0": 9.001879164217053,
        "population_size_1": 9.102821766405423,
        "population_size_2": 9.2321492829921,
        "population_size_3": 9.34489906809315,
        "population_size_4": 9.43694619056245,
        "population_size_5": 9.509174775273307,
        "population_size_6": 9.550259056755388,
        "population_size_7": 9.556426047626916,
        "population_size_8": 9.485953159239338,
        "population_size_9": 9.369823127981414,
        "population_size_10": 9.183236011457431,
        "population_size_11": 8.98292186659044,
        "population_size_12": 8.772452058769476,
        "population_size_13": 8.560740649668778,
        "population_size_14": 8.375589207136905,
        "population_size_15": 8.198767643672884,
        "population_size_16": 8.037971928352974,
        "population_size_17": 7.896998919603474,
        "population_size_18": 7.772758257044445,
        "population_size_19": 7.683262749387153,
        "population_size_20": 7.607846893386243
    },
    "num_feature": 50,
    "num_block": 7,
    "seed": 2,
    "network_name": "SPIDNA",
    "cuda_device": null,
    "use_cuda": true,
    "SNP_min": 400,
    "run_name": "pretrained_SPIDNA",
    "param_to_learn": [
        "population_size_0",
        "population_size_1",
        "population_size_2",
        "population_size_3",
        "population_size_4",
        "population_size_5",
        "population_size_6",
        "population_size_7",
        "population_size_8",
        "population_size_9",
        "population_size_10",
        "population_size_11",
        "population_size_12",
        "population_size_13",
        "population_size_14",
        "population_size_15",
        "population_size_16",
        "population_size_17",
        "population_size_18",
        "population_size_19",
        "population_size_20"
    ],
    "network_path": "pretrained_SPIDNA/pretrained_SPIDNA_net.pth"
}
